id,date,subject,counterbalance,condition,session,trial,side_dropped_stone,got_two_rewards,platforms_stabilized,comment
1,09.05.2022,medina,testfirst,test,1,1,left,yes,two,
2,09.05.2022,medina,testfirst,test,1,2,right,yes,two,
3,09.05.2022,medina,testfirst,test,1,3,left,yes,two,
4,09.05.2022,medina,testfirst,test,1,4,left,yes,two,
5,09.05.2022,medina,testfirst,test,1,5,right,yes,two,
6,09.05.2022,medina,testfirst,test,1,6,right,yes,two,
7,09.05.2022,medina,testfirst,test,1,7,right,yes,two,
8,09.05.2022,medina,testfirst,test,1,8,left,yes,two,
9,09.05.2022,medina,testfirst,test,2,1,right,yes,two,
10,09.05.2022,medina,testfirst,test,2,2,left,yes,two,
11,09.05.2022,medina,testfirst,test,2,3,left,yes,two,
12,10.05.2022,medina,testfirst,test,2,4,left,yes,two,
13,10.05.2022,medina,testfirst,test,2,5,right,yes,two,
14,10.05.2022,medina,testfirst,test,2,6,left,yes,two,
15,10.05.2022,medina,testfirst,test,2,7,left,yes,two,
16,10.05.2022,medina,testfirst,test,2,8,left,yes,two,
17,11.05.2022,medina,testfirst,control,3,1,right,yes,two,but two on the side that is in danger
18,11.05.2022,medina,testfirst,control,3,2,right,yes,two,but two on the side that is in danger
19,11.05.2022,medina,testfirst,control,3,3,right,yes,two,but two on the side that is in danger
20,11.05.2022,medina,testfirst,control,3,4,right,yes,two,but two on the side that is in danger
21,11.05.2022,medina,testfirst,control,3,5,right,yes,two,but two on the side that is in danger
22,11.05.2022,medina,testfirst,control,3,6,right,yes,two,
23,11.05.2022,medina,testfirst,control,3,7,right,yes,two,but two on the side that is in danger
24,11.05.2022,medina,testfirst,control,3,8,right,yes,two,but two on the side that is in danger
25,12.05.2022,medina,testfirst,control,4,1,left,yes,two,but two on the side that is in danger
26,12.05.2022,medina,testfirst,control,4,2,left,yes,two,but two on the side that is in danger
27,12.05.2022,medina,testfirst,control,4,3,left,yes,one,
28,12.05.2022,medina,testfirst,control,4,4,left,yes,one,
29,12.05.2022,medina,testfirst,control,4,5,left,yes,two,but two on the side that is in danger
30,12.05.2022,medina,testfirst,control,4,6,left,yes,two,but two on the side that is in danger
31,12.05.2022,medina,testfirst,control,4,7,left,yes,two,but two on the side that is in danger
32,12.05.2022,medina,testfirst,control,4,8,left,yes,one,
33,10.05.2022,okech,testfirst,test,1,1,left,yes,two,
34,10.05.2022,okech,testfirst,test,1,2,left,yes,two,
35,10.05.2022,okech,testfirst,test,1,3,left,yes,two,cool reaction towards mariel
36,10.05.2022,okech,testfirst,test,1,4,right,yes,two,
37,10.05.2022,okech,testfirst,test,1,5,right,yes,one,
38,10.05.2022,okech,testfirst,test,1,6,right,yes,two,
39,10.05.2022,okech,testfirst,test,1,7,left,yes,two,
40,10.05.2022,okech,testfirst,test,1,8,right,yes,two,
41,11.05.2022,okech,testfirst,test,2,1,right,yes,two,
42,11.05.2022,okech,testfirst,test,2,2,left,yes,two,
43,11.05.2022,okech,testfirst,test,2,3,left,no,one,
44,11.05.2022,okech,testfirst,test,2,4,right,yes,one,
45,11.05.2022,okech,testfirst,test,2,5,left,yes,two,
46,11.05.2022,okech,testfirst,test,2,6,right,yes,two,
47,11.05.2022,okech,testfirst,test,2,7,left,yes,two,
48,11.05.2022,okech,testfirst,test,2,8,right,yes,two,
49,12.05.2022,okech,testfirst,control,3,1,left,yes,two,nice gopro perspective
50,12.05.2022,okech,testfirst,control,3,2,left,yes,two,nice gopro perspective
51,12.05.2022,okech,testfirst,control,3,3,left,yes,two,nice gopro perspective
52,12.05.2022,okech,testfirst,control,3,4,left,yes,two,nice gopro perspective
53,12.05.2022,okech,testfirst,control,3,5,left,yes,two,nice gopro perspective
54,12.05.2022,okech,testfirst,control,3,6,left,yes,two,nice gopro perspective
55,12.05.2022,okech,testfirst,control,3,7,left,no,one,nice gopro perspective
56,12.05.2022,okech,testfirst,control,3,8,left,yes,two,nice gopro perspective
57,13.05.2022,okech,testfirst,control,4,1,right,yes,two,
58,13.05.2022,okech,testfirst,control,4,2,right,yes,two,
59,13.05.2022,okech,testfirst,control,4,3,right,yes,one,
60,13.05.2022,okech,testfirst,control,4,4,right,yes,two,
61,13.05.2022,okech,testfirst,control,4,5,right,yes,one,
62,13.05.2022,okech,testfirst,control,4,6,right,yes,one,
63,13.05.2022,okech,testfirst,control,4,7,right,yes,two,
64,13.05.2022,okech,testfirst,control,4,8,right,yes,two,
65,11.05.2022,baluku,controlfirst,control,1,1,right,yes,two,
66,11.05.2022,baluku,controlfirst,control,1,2,right,no,one,
67,11.05.2022,baluku,controlfirst,control,1,3,right,yes,two,
68,11.05.2022,baluku,controlfirst,control,1,4,right,yes,two,
69,11.05.2022,baluku,controlfirst,control,1,5,right,yes,one,
70,11.05.2022,baluku,controlfirst,control,1,6,right,yes,two,
71,11.05.2022,baluku,controlfirst,control,1,7,right,yes,one,
72,11.05.2022,baluku,controlfirst,control,1,8,right,yes,one,
73,12.05.2022,baluku,controlfirst,control,2,1,left,yes,two,nice gopro perspective
74,12.05.2022,baluku,controlfirst,control,2,2,left,yes,one,nice gopro perspective
75,12.05.2022,baluku,controlfirst,control,2,3,left,yes,one,nice gopro perspective
76,12.05.2022,baluku,controlfirst,control,2,4,left,yes,one,nice gopro perspective
77,12.05.2022,baluku,controlfirst,control,2,5,left,yes,one,nice gopro perspective
78,12.05.2022,baluku,controlfirst,control,2,6,left,yes,one,nice gopro perspective
79,12.05.2022,baluku,controlfirst,control,2,7,left,yes,one,nice gopro perspective
80,12.05.2022,baluku,controlfirst,control,2,8,left,yes,one,nice gopro perspective
81,13.05.2022,baluku,controlfirst,test,3,1,left,yes,two,
82,13.05.2022,baluku,controlfirst,test,3,2,right,yes,two,
83,13.05.2022,baluku,controlfirst,test,3,3,right,no,one,
84,13.05.2022,baluku,controlfirst,test,3,4,right,yes,two,
85,13.05.2022,baluku,controlfirst,test,3,5,right,no,one,
86,13.05.2022,baluku,controlfirst,test,3,6,right,yes,two,
87,13.05.2022,baluku,controlfirst,test,3,7,right,yes,two,
88,13.05.2022,baluku,controlfirst,test,3,8,right,yes,two,
89,14.05.2022,baluku,controlfirst,test,4,1,left,yes,two,
90,14.05.2022,baluku,controlfirst,test,4,2,right,yes,two,
91,14.05.2022,baluku,controlfirst,test,4,3,left,no,one,
92,14.05.2022,baluku,controlfirst,test,4,4,left,no,one,
93,14.05.2022,baluku,controlfirst,test,4,5,left,yes,two,
94,14.05.2022,baluku,controlfirst,test,4,6,left,yes,two,
95,14.05.2022,baluku,controlfirst,test,4,7,left,yes,two,
96,14.05.2022,baluku,controlfirst,test,4,8,left,yes,one,
97,11.05.2022,nani,controlfirst,control,1,1,right,yes,two,
98,11.05.2022,nani,controlfirst,control,1,2,right,yes,one,
99,11.05.2022,nani,controlfirst,control,1,3,right,yes,two,
100,11.05.2022,nani,controlfirst,control,1,4,right,yes,two,
101,11.05.2022,nani,controlfirst,control,1,5,right,yes,two,
102,11.05.2022,nani,controlfirst,control,1,6,right,yes,two,
103,11.05.2022,nani,controlfirst,control,1,7,right,yes,one,
104,11.05.2022,nani,controlfirst,control,1,8,right,yes,two,
105,12.05.2022,nani,controlfirst,control,2,1,left,yes,two,
106,12.05.2022,nani,controlfirst,control,2,2,left,yes,one,
107,12.05.2022,nani,controlfirst,control,2,3,left,yes,two,
108,12.05.2022,nani,controlfirst,control,2,4,left,yes,two,
109,12.05.2022,nani,controlfirst,control,2,5,left,yes,one,
110,12.05.2022,nani,controlfirst,control,2,6,left,yes,one,
111,12.05.2022,nani,controlfirst,control,2,7,left,yes,one,
112,12.05.2022,nani,controlfirst,control,2,8,left,no,one,
113,13.05.2022,nani,controlfirst,test,3,1,left,yes,two,
114,13.05.2022,nani,controlfirst,test,3,2,right,yes,one,
115,13.05.2022,nani,controlfirst,test,3,3,left,yes,two,
116,13.05.2022,nani,controlfirst,test,3,4,left,yes,two,
117,13.05.2022,nani,controlfirst,test,3,5,left,yes,two,
118,13.05.2022,nani,controlfirst,test,3,6,right,yes,two,
119,13.05.2022,nani,controlfirst,test,3,7,left,yes,two,
120,13.05.2022,nani,controlfirst,test,3,8,right,yes,two,
121,14.05.2022,nani,controlfirst,test,4,1,left,yes,two,
122,14.05.2022,nani,controlfirst,test,4,2,left,yes,two,
123,14.05.2022,nani,controlfirst,test,4,3,left,yes,two,
124,14.05.2022,nani,controlfirst,test,4,4,right,yes,one,
125,14.05.2022,nani,controlfirst,test,4,5,left,yes,two,
126,14.05.2022,nani,controlfirst,test,4,6,right,yes,two,
127,14.05.2022,nani,controlfirst,test,4,7,right,yes,two,
128,14.05.2022,nani,controlfirst,test,4,8,left,yes,two,
129,12.05.2022,nkumwa,testfirst,test,1,1,left,no,one,
130,12.05.2022,nkumwa,testfirst,test,1,2,left,yes,two,
131,12.05.2022,nkumwa,testfirst,test,1,3,right,yes,two,
132,12.05.2022,nkumwa,testfirst,test,1,4,left,yes,two,
133,12.05.2022,nkumwa,testfirst,test,1,5,right,yes,one,
134,12.05.2022,nkumwa,testfirst,test,1,6,left,no,one,
135,12.05.2022,nkumwa,testfirst,test,1,7,left,yes,two,
136,12.05.2022,nkumwa,testfirst,test,1,8,left,yes,two,
137,13.05.2022,nkumwa,testfirst,test,2,1,left,yes,two,
138,13.05.2022,nkumwa,testfirst,test,2,2,left,yes,two,
139,13.05.2022,nkumwa,testfirst,test,2,3,left,yes,two,
140,13.05.2022,nkumwa,testfirst,test,2,4,left,yes,two,
141,13.05.2022,nkumwa,testfirst,test,2,5,left,yes,two,
142,13.05.2022,nkumwa,testfirst,test,2,6,left,yes,two,
143,13.05.2022,nkumwa,testfirst,test,2,7,left,yes,two,
144,13.05.2022,nkumwa,testfirst,test,2,8,left,yes,two,
145,14.05.2022,nkumwa,testfirst,control,3,1,right,yes,one,
146,14.05.2022,nkumwa,testfirst,control,3,2,right,yes,two,
147,14.05.2022,nkumwa,testfirst,control,3,3,right,yes,one,
148,14.05.2022,nkumwa,testfirst,control,3,4,right,yes,two,
149,14.05.2022,nkumwa,testfirst,control,3,5,right,yes,one,
150,14.05.2022,nkumwa,testfirst,control,3,6,right,yes,one,
151,14.05.2022,nkumwa,testfirst,control,3,7,right,yes,one,
152,14.05.2022,nkumwa,testfirst,control,3,8,right,yes,one,
153,15.05.2022,nkumwa,testfirst,control,4,1,left,yes,two,
154,15.05.2022,nkumwa,testfirst,control,4,2,left,yes,two,
155,15.05.2022,nkumwa,testfirst,control,4,3,left,yes,two,
156,15.05.2022,nkumwa,testfirst,control,4,4,left,yes,two,
157,15.05.2022,nkumwa,testfirst,control,4,5,left,yes,two,
158,15.05.2022,nkumwa,testfirst,control,4,6,left,yes,two,
159,15.05.2022,nkumwa,testfirst,control,4,7,left,yes,one,
160,15.05.2022,nkumwa,testfirst,control,4,8,left,yes,two,
161,13.05.2022,bwambale,testfirst,test,1,1,right,yes,one,
162,13.05.2022,bwambale,testfirst,test,1,2,left,yes,two,
163,13.05.2022,bwambale,testfirst,test,1,3,left,yes,two,
164,13.05.2022,bwambale,testfirst,test,1,4,left,no,one,
165,13.05.2022,bwambale,testfirst,test,1,5,right,yes,one,
166,13.05.2022,bwambale,testfirst,test,1,6,right,yes,two,
167,13.05.2022,bwambale,testfirst,test,1,7,right,yes,one,
168,13.05.2022,bwambale,testfirst,test,1,8,left,yes,two,
169,14.05.2022,bwambale,testfirst,test,2,1,left,yes,one,
170,14.05.2022,bwambale,testfirst,test,2,2,right,no,one,
171,14.05.2022,bwambale,testfirst,test,2,3,right,no,one,
172,14.05.2022,bwambale,testfirst,test,2,4,left,no,one,
173,14.05.2022,bwambale,testfirst,test,2,5,left,no,one,
174,14.05.2022,bwambale,testfirst,test,2,6,right,yes,one,
175,14.05.2022,bwambale,testfirst,test,2,7,right,yes,two,
176,14.05.2022,bwambale,testfirst,test,2,8,right,no,one,
177,15.05.2022,bwambale,testfirst,control,3,1,right,no,one,
178,15.05.2022,bwambale,testfirst,control,3,2,right,yes,one,
179,15.05.2022,bwambale,testfirst,control,3,3,right,yes,one,
180,15.05.2022,bwambale,testfirst,control,3,4,right,yes,one,
181,15.05.2022,bwambale,testfirst,control,3,5,right,yes,two,
182,15.05.2022,bwambale,testfirst,control,3,6,right,yes,one,
183,15.05.2022,bwambale,testfirst,control,3,7,right,yes,two,
184,15.05.2022,bwambale,testfirst,control,3,8,right,yes,two,
185,16.05.2022,bwambale,testfirst,control,4,1,left,yes,one,
186,16.05.2022,bwambale,testfirst,control,4,2,left,yes,one,
187,16.05.2022,bwambale,testfirst,control,4,3,left,yes,one,
188,16.05.2022,bwambale,testfirst,control,4,4,left,yes,two,
189,16.05.2022,bwambale,testfirst,control,4,5,left,yes,two,
190,16.05.2022,bwambale,testfirst,control,4,6,left,yes,one,
191,16.05.2022,bwambale,testfirst,control,4,7,left,yes,one,
192,16.05.2022,bwambale,testfirst,control,4,8,left,yes,one,
193,13.05.2022,pasa,controlfirst,control,1,1,right,yes,one,
194,13.05.2022,pasa,controlfirst,control,1,2,right,yes,one,
195,13.05.2022,pasa,controlfirst,control,1,3,right,yes,one,
196,13.05.2022,pasa,controlfirst,control,1,4,right,yes,one,
197,13.05.2022,pasa,controlfirst,control,1,5,right,no,one,
198,13.05.2022,pasa,controlfirst,control,1,6,right,yes,one,
199,13.05.2022,pasa,controlfirst,control,1,7,right,yes,one,
200,13.05.2022,pasa,controlfirst,control,1,8,right,yes,one,
201,14.05.2022,pasa,controlfirst,control,2,1,left,no,one,
202,14.05.2022,pasa,controlfirst,control,2,2,left,yes,two,
203,14.05.2022,pasa,controlfirst,control,2,3,left,yes,two,
204,14.05.2022,pasa,controlfirst,control,2,4,left,no,one,
205,14.05.2022,pasa,controlfirst,control,2,5,left,yes,two,
206,14.05.2022,pasa,controlfirst,control,2,6,left,yes,two,
207,14.05.2022,pasa,controlfirst,control,2,7,left,yes,two,
208,14.05.2022,pasa,controlfirst,control,2,8,left,yes,two,
209,15.05.2022,pasa,controlfirst,test,3,1,right,yes,two,
210,15.05.2022,pasa,controlfirst,test,3,2,left,yes,two,
211,15.05.2022,pasa,controlfirst,test,3,3,left,yes,two,
212,15.05.2022,pasa,controlfirst,test,3,4,right,yes,two,
213,15.05.2022,pasa,controlfirst,test,3,5,left,yes,two,
214,15.05.2022,pasa,controlfirst,test,3,6,left,yes,two,
215,15.05.2022,pasa,controlfirst,test,3,7,right,yes,two,
216,15.05.2022,pasa,controlfirst,test,3,8,right,yes,two,
217,16.05.2022,pasa,controlfirst,test,4,1,right,yes,two,
218,16.05.2022,pasa,controlfirst,test,4,2,left,yes,two,
219,16.05.2022,pasa,controlfirst,test,4,3,right,yes,two,
220,16.05.2022,pasa,controlfirst,test,4,4,right,yes,two,
221,16.05.2022,pasa,controlfirst,test,4,5,left,yes,two,
222,16.05.2022,pasa,controlfirst,test,4,6,left,yes,two,
223,16.05.2022,pasa,controlfirst,test,4,7,right,yes,two,
224,16.05.2022,pasa,controlfirst,test,4,8,right,yes,two,
225,14.05.2022,asega,testfirst,test,1,1,right,yes,two,
226,14.05.2022,asega,testfirst,test,1,2,left,yes,two,
227,14.05.2022,asega,testfirst,test,1,3,right,yes,two,
228,14.05.2022,asega,testfirst,test,1,4,left,yes,two,
229,14.05.2022,asega,testfirst,test,1,5,right,yes,two,
230,14.05.2022,asega,testfirst,test,1,6,left,yes,two,
231,14.05.2022,asega,testfirst,test,1,7,right,yes,two,
232,14.05.2022,asega,testfirst,test,1,8,right,yes,one,
233,15.05.2022,asega,testfirst,test,2,1,left,yes,one,
234,15.05.2022,asega,testfirst,test,2,2,left,yes,one,
235,15.05.2022,asega,testfirst,test,2,3,left,yes,two,
236,15.05.2022,asega,testfirst,test,2,4,right,yes,two,
237,15.05.2022,asega,testfirst,test,2,5,right,yes,two,
238,15.05.2022,asega,testfirst,test,2,6,left,yes,two,
239,15.05.2022,asega,testfirst,test,2,7,right,yes,two,
240,15.05.2022,asega,testfirst,test,2,8,left,yes,one,
241,16.05.2022,asega,testfirst,control,3,1,left,yes,one,
242,16.05.2022,asega,testfirst,control,3,2,left,yes,two,
243,16.05.2022,asega,testfirst,control,3,3,left,yes,two,
244,16.05.2022,asega,testfirst,control,3,4,left,yes,two,
245,16.05.2022,asega,testfirst,control,3,5,left,yes,two,
246,16.05.2022,asega,testfirst,control,3,6,left,yes,two,
247,16.05.2022,asega,testfirst,control,3,7,left,yes,one,
248,16.05.2022,asega,testfirst,control,3,8,left,yes,one,
249,17.05.2022,asega,testfirst,control,4,1,right,yes,one,
250,17.05.2022,asega,testfirst,control,4,2,right,yes,one,
251,17.05.2022,asega,testfirst,control,4,3,right,yes,one,
252,17.05.2022,asega,testfirst,control,4,4,right,yes,two,
253,17.05.2022,asega,testfirst,control,4,5,right,yes,one,
254,17.05.2022,asega,testfirst,control,4,6,right,yes,one,
255,17.05.2022,asega,testfirst,control,4,7,right,yes,two,
256,17.05.2022,asega,testfirst,control,4,8,right,yes,one,
257,15.05.2022,indi,controlfirst,control,1,1,right,yes,two,
258,15.05.2022,indi,controlfirst,control,1,2,right,yes,two,
259,15.05.2022,indi,controlfirst,control,1,3,right,yes,two,
260,15.05.2022,indi,controlfirst,control,1,4,right,yes,two,
261,15.05.2022,indi,controlfirst,control,1,5,right,yes,one,two hands on same platform
262,15.05.2022,indi,controlfirst,control,1,6,right,yes,two,
263,15.05.2022,indi,controlfirst,control,1,7,right,yes,one,two hands on same platform
264,15.05.2022,indi,controlfirst,control,1,8,right,yes,one,two hands on same platform
265,16.05.2022,indi,controlfirst,control,2,1,left,yes,two,
266,16.05.2022,indi,controlfirst,control,2,2,left,yes,one,two hands on same platform
267,16.05.2022,indi,controlfirst,control,2,3,left,yes,one,two hands on same platform
268,16.05.2022,indi,controlfirst,control,2,4,left,yes,two,
269,16.05.2022,indi,controlfirst,control,2,5,left,yes,two,
270,16.05.2022,indi,controlfirst,control,2,6,left,yes,one,two hands on same platform
271,16.05.2022,indi,controlfirst,control,2,7,left,yes,one,two hands on same platform
272,16.05.2022,indi,controlfirst,control,2,8,left,yes,two,
273,17.05.2022,indi,controlfirst,test,3,1,right,yes,two,
274,17.05.2022,indi,controlfirst,test,3,2,left,yes,two,
275,17.05.2022,indi,controlfirst,test,3,3,left,no,one,
276,17.05.2022,indi,controlfirst,test,3,4,left,yes,two,
277,17.05.2022,indi,controlfirst,test,3,5,left,yes,two,
278,17.05.2022,indi,controlfirst,test,3,6,left,yes,one,
279,17.05.2022,indi,controlfirst,test,3,7,left,no,one,
280,17.05.2022,indi,controlfirst,test,3,8,left,yes,one,
281,18.05.2022,indi,controlfirst,test,4,1,right,yes,one,
282,18.05.2022,indi,controlfirst,test,4,2,right,yes,two,
283,18.05.2022,indi,controlfirst,test,4,3,left,yes,two,
284,18.05.2022,indi,controlfirst,test,4,4,left,yes,two,
285,18.05.2022,indi,controlfirst,test,4,5,right,yes,two,
286,18.05.2022,indi,controlfirst,test,4,6,right,yes,two,
287,18.05.2022,indi,controlfirst,test,4,7,right,yes,two,
288,18.05.2022,indi,controlfirst,test,4,8,left,no,one,
289,15.05.2022,umugenzi,controlfirst,control,1,1,right,yes,one,
290,15.05.2022,umugenzi,controlfirst,control,1,2,right,yes,two,
291,15.05.2022,umugenzi,controlfirst,control,1,3,right,yes,two,
292,15.05.2022,umugenzi,controlfirst,control,1,4,right,yes,two,
293,15.05.2022,umugenzi,controlfirst,control,1,5,right,yes,two,
294,15.05.2022,umugenzi,controlfirst,control,1,6,right,yes,two,
295,15.05.2022,umugenzi,controlfirst,control,1,7,right,yes,two,
296,15.05.2022,umugenzi,controlfirst,control,1,8,right,yes,two,
297,16.05.2022,umugenzi,controlfirst,control,2,1,left,yes,two,two hands on same platform
298,16.05.2022,umugenzi,controlfirst,control,2,2,left,yes,one,
299,16.05.2022,umugenzi,controlfirst,control,2,3,left,yes,one,
300,16.05.2022,umugenzi,controlfirst,control,2,4,left,yes,two,
301,16.05.2022,umugenzi,controlfirst,control,2,5,left,yes,one,
302,16.05.2022,umugenzi,controlfirst,control,2,6,left,yes,one,
303,16.05.2022,umugenzi,controlfirst,control,2,7,left,yes,one,
304,16.05.2022,umugenzi,controlfirst,control,2,8,left,yes,one,
305,17.05.2022,umugenzi,controlfirst,test,3,1,right,yes,one,
306,17.05.2022,umugenzi,controlfirst,test,3,2,left,no,one,
307,17.05.2022,umugenzi,controlfirst,test,3,3,left,no,one,
308,17.05.2022,umugenzi,controlfirst,test,3,4,left,no,one,
309,17.05.2022,umugenzi,controlfirst,test,3,5,right,yes,two,
310,17.05.2022,umugenzi,controlfirst,test,3,6,left,yes,two,
311,17.05.2022,umugenzi,controlfirst,test,3,7,left,yes,two,"umugenzi is really interesting here, uses foot instead of hand because hand is used to stabilize (again shows that Suddendorf study does not make sense)"
312,17.05.2022,umugenzi,controlfirst,test,3,8,left,yes,two,"umugenzi is really interesting here, uses foot instead of hand because hand is used to stabilize (again shows that Suddendorf study does not make sense)"
313,18.05.2022,umugenzi,controlfirst,test,4,1,right,yes,two,
314,18.05.2022,umugenzi,controlfirst,test,4,2,left,yes,two,
315,18.05.2022,umugenzi,controlfirst,test,4,3,left,yes,two,
316,18.05.2022,umugenzi,controlfirst,test,4,4,right,yes,two,
317,18.05.2022,umugenzi,controlfirst,test,4,5,left,yes,two,
318,18.05.2022,umugenzi,controlfirst,test,4,6,left,yes,two,
319,18.05.2022,umugenzi,controlfirst,test,4,7,left,yes,two,
320,18.05.2022,umugenzi,controlfirst,test,4,8,left,yes,two,
321,19.05.2022,rambo,testfirst,test,1,1,left,no,one,good video
322,19.05.2022,rambo,testfirst,test,1,2,left,no,one,good video
323,19.05.2022,rambo,testfirst,test,1,3,left,yes,two,good video
324,19.05.2022,rambo,testfirst,test,1,4,right,yes,two,good video
325,19.05.2022,rambo,testfirst,test,1,5,left,yes,two,good video
326,19.05.2022,rambo,testfirst,test,1,6,left,yes,two,good video
327,19.05.2022,rambo,testfirst,test,1,7,left,yes,two,good video
328,19.05.2022,rambo,testfirst,test,1,8,right,yes,two,good video
329,21.05.2022,rambo,testfirst,test,2,1,right,yes,two,check if body spinning is visible in gopro
330,21.05.2022,rambo,testfirst,test,2,2,left,yes,two,check if body spinning is visible in gopro
331,21.05.2022,rambo,testfirst,test,2,3,right,yes,two,check if body spinning is visible in gopro
332,21.05.2022,rambo,testfirst,test,2,4,right,yes,two,check if body spinning is visible in gopro
333,21.05.2022,rambo,testfirst,test,2,5,right,yes,two,check if body spinning is visible in gopro
334,21.05.2022,rambo,testfirst,test,2,6,left,yes,two,check if body spinning is visible in gopro
335,21.05.2022,rambo,testfirst,test,2,7,left,no,one,check if body spinning is visible in gopro
336,21.05.2022,rambo,testfirst,test,2,8,left,yes,two,check if body spinning is visible in gopro
337,22.05.2022,rambo,testfirst,control,3,1,right,yes,two,
338,22.05.2022,rambo,testfirst,control,3,2,right,yes,two,
339,22.05.2022,rambo,testfirst,control,3,3,right,yes,two,
340,22.05.2022,rambo,testfirst,control,3,4,right,yes,two,
341,22.05.2022,rambo,testfirst,control,3,5,right,yes,two,
342,22.05.2022,rambo,testfirst,control,3,6,right,yes,one,
343,22.05.2022,rambo,testfirst,control,3,7,right,yes,one,
344,22.05.2022,rambo,testfirst,control,3,8,right,yes,two,
345,23.05.2022,rambo,testfirst,control,4,1,left,yes,one,
346,23.05.2022,rambo,testfirst,control,4,2,left,yes,two,
347,23.05.2022,rambo,testfirst,control,4,3,left,yes,two,
348,23.05.2022,rambo,testfirst,control,4,4,left,yes,two,
349,23.05.2022,rambo,testfirst,control,4,5,left,yes,two,
350,23.05.2022,rambo,testfirst,control,4,6,left,yes,two,
351,23.05.2022,rambo,testfirst,control,4,7,left,yes,two,
352,23.05.2022,rambo,testfirst,control,4,8,left,no,one,
353,20.05.2022,kalema,controlfirst,control,1,1,right,yes,one,
354,20.05.2022,kalema,controlfirst,control,1,2,right,yes,one,
355,20.05.2022,kalema,controlfirst,control,1,3,right,yes,one,
356,20.05.2022,kalema,controlfirst,control,1,4,right,yes,one,
357,20.05.2022,kalema,controlfirst,control,1,5,right,yes,one,
358,20.05.2022,kalema,controlfirst,control,1,6,right,yes,one,
359,20.05.2022,kalema,controlfirst,control,1,7,right,yes,one,
360,20.05.2022,kalema,controlfirst,control,1,8,right,yes,one,
361,21.05.2022,kalema,controlfirst,control,2,1,left,yes,two,
362,21.05.2022,kalema,controlfirst,control,2,2,left,yes,one,
363,21.05.2022,kalema,controlfirst,control,2,3,left,yes,one,
364,21.05.2022,kalema,controlfirst,control,2,4,left,yes,one,
365,21.05.2022,kalema,controlfirst,control,2,5,left,yes,two,
366,21.05.2022,kalema,controlfirst,control,2,6,left,yes,one,
367,21.05.2022,kalema,controlfirst,control,2,7,left,no,one,
368,21.05.2022,kalema,controlfirst,control,2,8,left,yes,one,
369,22.05.2022,kalema,controlfirst,test,3,1,left,no,one,
370,22.05.2022,kalema,controlfirst,test,3,2,left,yes,one,
371,22.05.2022,kalema,controlfirst,test,3,3,right,no,one,
372,22.05.2022,kalema,controlfirst,test,3,4,right,yes,two,
373,22.05.2022,kalema,controlfirst,test,3,5,right,yes,one,
374,22.05.2022,kalema,controlfirst,test,3,6,left,yes,one,
375,22.05.2022,kalema,controlfirst,test,3,7,right,yes,two,
376,22.05.2022,kalema,controlfirst,test,3,8,right,no,one,
377,23.05.2022,kalema,controlfirst,test,4,1,left,no,one,
378,23.05.2022,kalema,controlfirst,test,4,2,left,no,one,
379,23.05.2022,kalema,controlfirst,test,4,3,right,no,one,
380,23.05.2022,kalema,controlfirst,test,4,4,left,yes,one,
381,23.05.2022,kalema,controlfirst,test,4,5,right,no,one,
382,23.05.2022,kalema,controlfirst,test,4,6,left,yes,two,
383,23.05.2022,kalema,controlfirst,test,4,7,right,no,one,
384,23.05.2022,kalema,controlfirst,test,4,8,right,no,one,
385,21.05.2022,nakuu,testfirst,test,1,1,right,yes,two,good gopro video
386,21.05.2022,nakuu,testfirst,test,1,2,right,yes,two,good gopro video
387,21.05.2022,nakuu,testfirst,test,1,3,left,yes,two,good gopro video
388,21.05.2022,nakuu,testfirst,test,1,4,right,yes,two,good gopro video
389,21.05.2022,nakuu,testfirst,test,1,5,left,yes,two,good gopro video
390,21.05.2022,nakuu,testfirst,test,1,6,right,yes,two,good gopro video
391,21.05.2022,nakuu,testfirst,test,1,7,right,yes,two,good gopro video
392,21.05.2022,nakuu,testfirst,test,1,8,right,yes,two,good gopro video
393,22.05.2022,nakuu,testfirst,test,2,1,right,yes,two,
394,22.05.2022,nakuu,testfirst,test,2,2,left,yes,two,
395,22.05.2022,nakuu,testfirst,test,2,3,right,yes,two,
396,22.05.2022,nakuu,testfirst,test,2,4,right,yes,two,
397,22.05.2022,nakuu,testfirst,test,2,5,left,yes,two,
398,22.05.2022,nakuu,testfirst,test,2,6,left,yes,two,
399,22.05.2022,nakuu,testfirst,test,2,7,left,yes,two,
400,22.05.2022,nakuu,testfirst,test,2,8,right,yes,two,
401,23.05.2022,nakuu,testfirst,control,3,1,left,yes,one,
402,23.05.2022,nakuu,testfirst,control,3,2,left,yes,one,
403,23.05.2022,nakuu,testfirst,control,3,3,left,yes,two,
404,23.05.2022,nakuu,testfirst,control,3,4,left,yes,two,
405,23.05.2022,nakuu,testfirst,control,3,5,left,yes,two,
406,23.05.2022,nakuu,testfirst,control,3,6,left,yes,two,
407,23.05.2022,nakuu,testfirst,control,3,7,left,yes,two,
408,23.05.2022,nakuu,testfirst,control,3,8,left,yes,two,
409,24.05.2022,nakuu,testfirst,control,4,1,right,yes,two,
410,24.05.2022,nakuu,testfirst,control,4,2,right,yes,two,
411,24.05.2022,nakuu,testfirst,control,4,3,right,yes,two,
412,24.05.2022,nakuu,testfirst,control,4,4,right,yes,two,
413,24.05.2022,nakuu,testfirst,control,4,5,right,yes,two,
414,24.05.2022,nakuu,testfirst,control,4,6,right,yes,two,
415,24.05.2022,nakuu,testfirst,control,4,7,right,yes,one,
416,24.05.2022,nakuu,testfirst,control,4,8,right,yes,two,
417,22.05.2022,namukisa,controlfirst,control,1,1,right,no,one,
418,22.05.2022,namukisa,controlfirst,control,1,2,right,no,one,
419,23.05.2022,namukisa,controlfirst,control,1,3,right,yes,one,
420,23.05.2022,namukisa,controlfirst,control,1,4,right,yes,one,
421,23.05.2022,namukisa,controlfirst,control,1,5,right,yes,one,
422,23.05.2022,namukisa,controlfirst,control,1,6,right,yes,one,
423,23.05.2022,namukisa,controlfirst,control,1,7,right,yes,one,
424,23.05.2022,namukisa,controlfirst,control,1,8,right,yes,two,
425,24.05.2022,namukisa,controlfirst,control,2,1,left,yes,two,
426,24.05.2022,namukisa,controlfirst,control,2,2,left,yes,two,
427,24.05.2022,namukisa,controlfirst,control,2,3,left,yes,one,
428,24.05.2022,namukisa,controlfirst,control,2,4,left,yes,one,
429,24.05.2022,namukisa,controlfirst,control,2,5,left,yes,one,
430,24.05.2022,namukisa,controlfirst,control,2,6,left,yes,one,
431,24.05.2022,namukisa,controlfirst,control,2,7,left,no,one,
432,24.05.2022,namukisa,controlfirst,control,2,8,left,yes,one,
433,25.05.2022,namukisa,controlfirst,test,3,1,left,yes,one,
434,25.05.2022,namukisa,controlfirst,test,3,2,left,yes,two,
435,25.05.2022,namukisa,controlfirst,test,3,3,left,yes,two,
436,25.05.2022,namukisa,controlfirst,test,3,4,left,yes,two,
437,25.05.2022,namukisa,controlfirst,test,3,5,left,no,one,
438,25.05.2022,namukisa,controlfirst,test,3,6,left,no,one,
439,25.05.2022,namukisa,controlfirst,test,3,7,left,yes,two,
440,25.05.2022,namukisa,controlfirst,test,3,8,left,yes,two,
441,27.05.2022,namukisa,controlfirst,test,4,1,left,yes,two,
442,27.05.2022,namukisa,controlfirst,test,4,2,left,yes,two,
443,27.05.2022,namukisa,controlfirst,test,4,3,left,yes,two,
444,27.05.2022,namukisa,controlfirst,test,4,4,left,yes,two,
445,27.05.2022,namukisa,controlfirst,test,4,5,left,yes,two,
446,27.05.2022,namukisa,controlfirst,test,4,6,left,yes,two,
447,27.05.2022,namukisa,controlfirst,test,4,7,left,yes,two,
448,27.05.2022,namukisa,controlfirst,test,4,8,right,yes,two,
449,28.05.2022,cocoa,testfirst,test,1,1,left,no,one,
450,28.05.2022,cocoa,testfirst,test,1,2,left,no,one,
451,28.05.2022,cocoa,testfirst,test,1,3,left,yes,two,
452,28.05.2022,cocoa,testfirst,test,1,4,left,yes,two,
453,28.05.2022,cocoa,testfirst,test,1,5,left,yes,one,
454,28.05.2022,cocoa,testfirst,test,1,6,left,yes,one,
455,28.05.2022,cocoa,testfirst,test,1,7,right,yes,two,
456,28.05.2022,cocoa,testfirst,test,1,8,right,yes,two,
457,29.05.2022,cocoa,testfirst,test,2,1,right,yes,two,
458,29.05.2022,cocoa,testfirst,test,2,2,right,yes,one,
459,29.05.2022,cocoa,testfirst,test,2,3,left,yes,two,
460,29.05.2022,cocoa,testfirst,test,2,4,left,yes,one,
461,29.05.2022,cocoa,testfirst,test,2,5,right,yes,two,
462,29.05.2022,cocoa,testfirst,test,2,6,left,yes,two,
463,29.05.2022,cocoa,testfirst,test,2,7,right,no,one,
464,29.05.2022,cocoa,testfirst,test,2,8,right,yes,one,
465,30.05.2022,cocoa,testfirst,control,3,1,right,yes,two,
466,30.05.2022,cocoa,testfirst,control,3,2,right,yes,two,
467,30.05.2022,cocoa,testfirst,control,3,3,right,yes,two,
468,30.05.2022,cocoa,testfirst,control,3,4,right,yes,one,
469,30.05.2022,cocoa,testfirst,control,3,5,right,yes,one,
470,30.05.2022,cocoa,testfirst,control,3,6,right,yes,one,
471,30.05.2022,cocoa,testfirst,control,3,7,right,yes,one,
472,30.05.2022,cocoa,testfirst,control,3,8,right,yes,one,
473,31.05.2022,cocoa,testfirst,control,4,1,left,no,one,
474,31.05.2022,cocoa,testfirst,control,4,2,left,no,one,
475,31.05.2022,cocoa,testfirst,control,4,3,left,no,one,
476,31.05.2022,cocoa,testfirst,control,4,4,left,no,one,
477,31.05.2022,cocoa,testfirst,control,4,5,left,no,one,
478,31.05.2022,cocoa,testfirst,control,4,6,left,no,one,
479,31.05.2022,cocoa,testfirst,control,4,7,left,no,one,
480,31.05.2022,cocoa,testfirst,control,4,8,left,no,one,
